train-2150,train-2167,train-2199,train-2166,train-3682,train-3650,train-2252,train-2280,train-2272,train-3755,train-3767,train-3758,train-3522,train-3515,train-7408,train-7423,train-6863,train-6860,train-6880,train-6872,train-6887,train-7263,train-7287,train-7265,train-101,train-139,train-146,train-123,train-118,train-106,train-105,train-253,train-280,train-5542,train-5524,train-5512,train-5529,train-2394,train-2372,train-2379,train-2371,train-2396,train-4247,train-4214,train-4202,train-6496,train-6466,train-407,train-440,train-432,train-448,train-428,train-4436,train-4421,train-4433,train-4430,train-4401,train-5712,train-5725,train-803,train-814,train-816,train-1009,train-1033,train-1003,train-4456,train-4468,train-2517,train-2527,train-1628,train-1625,train-1939,train-1917,train-696,train-674,train-686,train-665,train-248,train-223,train-242,train-246,oos_train-7,oos_train-24,oos_train-17,train-3415,train-3418,train-3425,train-3434,train-3717,train-3748,train-3587,train-3594,train-4534,train-4503,train-375,train-395,train-352
train-3056,train-3052,train-3062,train-168,train-159,train-182,train-195,train-158,train-163,train-156,train-192,train-1520,train-1533,train-1502,train-1509,train-1540,train-2099,train-2087,train-4380,train-4369,train-4712,train-4723,train-4705,train-4738,train-4711,train-4718,train-7085,train-7056,oos_train-54,oos_train-92,train-5015,train-5048,train-5037,train-5010,train-5025,train-5463,train-5498,train-2777,train-2789,train-4153,train-4192,train-4171,train-1060,train-1090,train-1078,train-4614,train-4612,train-4639,train-4634,train-4613,train-4820,train-4825,train-3932,train-3915,train-6540,train-6503,train-3809,train-3822,train-3825,train-612,train-629,train-7194,train-7150,train-7166,train-7161,train-7181,train-7179,train-2211,train-2205,train-2247,train-6164,train-6158,train-6171,train-6180,train-6154,train-234,train-247,train-240,train-4485,train-4496,train-4491,train-4455,train-4488,train-4490,train-4470,train-7060,train-7093,train-7070,train-7062,train-7079,train-7099,train-6885,train-6888,train-1071,train-1056
train-2354,train-2356,train-2383,train-2381,train-2351,train-2366,train-4408,train-4432,train-4424,train-7436,train-7433,train-7410,train-7401,train-7422,train-7295,train-7255,train-7284,train-7283,train-7279,train-7281,train-4191,train-4178,train-2270,train-2289,train-445,train-411,train-366,train-380,train-354,train-7157,train-7169,train-5011,train-5041,train-5012,train-6521,train-6501,train-6543,train-615,train-609,train-637,train-1926,train-1944,train-1934,train-3794,train-3796,train-2206,train-2207,train-2240,train-2217,train-2230,train-2246,train-6159,train-6165,train-6151,train-3095,train-3080,train-3051,train-3093,train-3074,train-166,train-199,train-151,train-4743,train-4728,train-2766,train-2785,train-2763,train-2776,train-2760,train-3558,train-3577,train-3556,train-3591,train-3553,train-3562,train-4819,train-4846,train-1511,train-1532,train-1500,train-1515,train-1524,train-2067,train-2080,oos_train-26,oos_train-25,oos_train-23,oos_train-34,oos_train-28,train-4242,train-4212,train-3691,train-3697,train-2176,train-2162,train-2178,train-2182,train-2168
train-849,train-805,train-802,train-6486,train-6484,train-6465,train-6498,train-6467,train-2543,train-2500,train-3849,train-3835,train-3846,train-3807,train-1027,train-1048,train-1014,train-1020,train-1047,train-4504,train-4509,train-4506,train-3724,train-3700,train-5456,train-5457,train-3417,train-3424,train-5534,train-5511,train-5514,train-5548,oos_train-57,oos_train-31,oos_train-29,oos_train-32,train-4353,train-4390,train-4375,train-4352,train-3543,train-3500,train-3540,train-3538,train-3531,train-3512,train-3533,train-1606,train-1624,train-4646,train-4629,train-4619,train-4647,train-4622,train-283,train-251,train-5726,train-5710,train-5718,train-129,train-132,train-114,train-692,train-684,train-652,train-688,train-3936,train-3944,train-421,train-419,train-406,train-418,train-4538,train-4528,train-4508,train-4541,train-4249,train-4245,train-4200,train-4219,train-4235,train-4216,train-2238,train-2223,train-2225,train-2219,train-2226,train-2227,train-2202,train-1094,train-1058,train-3690,train-3673,train-1936,train-1909,train-1949,train-1940,train-1918
train-656,train-664,train-1644,train-1647,train-1603,train-4428,train-4415,train-175,train-155,train-160,train-4821,train-4823,train-4814,train-2529,train-2548,train-2518,train-837,train-813,train-3711,train-3736,train-3728,train-4726,train-4725,train-5502,train-5518,train-1542,train-1507,train-1504,train-2181,train-2175,train-2163,train-6892,train-6889,train-6854,train-2070,train-2060,train-2071,train-2098,train-2084,train-2066,train-4397,train-4350,train-4368,train-4373,train-4364,train-4378,train-4377,train-4389,train-4362,train-2382,train-2386,train-2361,train-2380,train-3779,train-3790,train-4188,train-4162,train-4173,train-4197,train-4187,oos_train-42,oos_train-27,oos_train-18,train-265,train-269,train-3913,train-3929,train-3582,train-3574,train-3578,train-3597,train-3548,train-3501,train-1010,train-1039,train-3815,train-3801,train-6152,train-6166,train-6182,train-6199,train-616,train-602,train-604,train-622,train-618,train-642,train-5748,train-5708,train-203,train-220,oos_train-73,oos_train-84,oos_train-80,train-3087,train-3085,train-6506,train-6508,train-6502
train-6457,train-6461,train-6489,train-5450,train-5479,train-5461,train-7167,train-7151,train-7152,train-133,train-117,train-5035,train-5049,train-2788,train-2774,train-2770,train-2786,train-2775,train-2795,train-3442,train-3406,train-3441,train-3436,train-3448,train-3412,train-3443,train-7077,train-7073,train-7057,train-7086,train-7061,train-7066,train-7092,train-2256,train-2279,train-4615,train-4632,train-7430,train-7444,train-7420,train-7400,train-350,train-378,train-7280,train-7275,train-4451,train-4478,train-4493,train-4732,train-4719,train-4708,train-4727,train-4724,train-1518,train-1529,train-1545,train-4510,train-4542,train-4546,train-4511,train-397,train-392,train-830,train-819,train-831,train-3411,train-3408,train-3428,train-3440,train-272,train-289,train-252,train-291,train-2154,train-2170,train-2173,train-1070,train-1074,train-1066,train-5510,train-5544,train-4476,train-4479,train-4474,train-4471,train-7258,train-7266,train-3771,train-3787,train-5485,train-5492,train-5468,train-5487,train-5473,train-5453,train-5454,train-5465
train-7065,train-7059,train-7067,train-7084,train-7080,train-7083,train-7072,train-405,train-413,train-436,train-439,train-430,train-429,train-447,train-6525,train-6507,train-3926,train-3902,train-3942,train-1632,train-1623,oos_train-4,oos_train-51,oos_train-39,train-4181,train-4170,train-3670,train-3656,train-644,train-610,train-643,train-639,train-638,train-633,train-636,train-2399,train-2373,train-2392,train-2376,train-2363,train-3823,train-3803,train-3812,train-3804,train-3844,train-103,train-121,train-100,train-113,train-110,train-2772,train-2771,train-2768,train-2767,train-6469,train-6480,train-6483,train-6474,train-6497,train-6475,train-6464,train-6472,train-6493,train-679,train-677,train-675,train-4412,train-4417,train-4437,train-5733,train-5737,train-1924,train-1941,train-241,train-225,train-235,train-243,train-201,train-244,train-213,train-6868,train-6870,train-6861,oos_train-58,oos_train-43,train-2228,train-2249,train-3541,train-3505,train-7429,train-7421,train-7416,train-7406,train-5031,train-5039,train-189,train-170
train-4376,train-4379,train-4367,train-6161,train-6197,train-7158,train-7195,train-7192,train-4838,train-4800,train-4835,train-4839,train-4816,train-4649,train-4603,train-4631,train-2296,train-2255,train-3072,train-3079,train-3090,train-3718,train-3743,train-3735,train-3554,train-3552,train-4206,train-4209,train-4248,train-1032,train-1031,train-1030,train-1044,train-2545,train-2537,train-2511,train-2544,train-2073,train-2054,train-2086,train-2089,train-2075,train-424,train-415,train-224,train-207,train-3444,train-3401,train-3064,train-3060,train-3050,train-1937,train-1902,train-685,train-673,train-693,train-671,train-1548,train-1537,train-1501,train-1538,train-1004,train-1025,train-4729,train-4737,train-4706,train-6453,train-6476,train-4218,train-4230,train-4229,train-4801,train-4845,train-4809,train-4843,train-3792,train-3797,train-5036,train-5024,train-5013,train-5021,train-5003,train-4360,train-4385,train-4351,train-6852,train-6877,oos_train-60,oos_train-78,oos_train-68,oos_train-62,oos_train-33,oos_train-40,oos_train-88,oos_train-76
train-5741,train-5738,train-5700,train-5713,train-5749,train-5503,train-5535,train-5509,train-5545,train-3658,train-3651,train-360,train-351,train-381,train-374,train-7260,train-7298,train-7296,train-7291,train-7253,train-181,train-150,train-161,train-3829,train-3833,train-3842,train-3839,train-3811,train-3840,train-2210,train-2242,train-4441,train-4419,train-4435,train-4442,train-4422,train-4405,train-4426,train-4429,train-3576,train-3596,train-3568,train-645,train-601,train-611,train-2779,train-2794,train-126,train-134,oos_train-2,oos_train-20,oos_train-86,train-4648,train-4638,train-4628,train-4637,train-4621,train-4617,train-1609,train-1646,train-1630,train-1605,train-1610,train-2525,train-2533,train-2535,train-2515,train-4157,train-4165,train-4179,train-2391,train-2365,train-3931,train-3930,train-4529,train-4516,train-1062,train-1068,train-2050,train-2090,train-2068,train-7095,train-7081,train-286,train-282,train-2297,train-2277,train-2299,train-2273,train-6546,train-6539,train-6530
train-6177,train-6186,train-6167,train-6181,train-6162,train-6176,train-6183,train-6178,train-843,train-827,train-3535,train-3518,train-7414,train-7435,train-7442,train-7428,train-7431,train-7438,train-7409,train-4480,train-4498,train-4454,train-4466,train-3732,train-3741,train-3719,train-3708,train-3710,train-3740,train-2164,train-2159,train-7196,train-7175,train-5469,train-5497,train-5471,train-680,train-650,train-6189,train-6150,train-6187,train-6156,train-4618,train-4604,train-4600,train-4606,train-4472,train-4483,train-4475,train-3416,train-3437,train-3438,train-3426,train-4844,train-4802,train-627,train-630,train-5727,train-5717,train-3726,train-3731,train-3827,train-3845,train-3808,train-7264,train-7269,train-7290,train-7294,train-1073,train-1061,train-1050,train-3698,train-3689,train-3699,train-3652,oos_train-12,oos_train-52,train-7190,train-7180,train-4228,train-4240,train-4205,train-4701,train-4730,train-4735,train-4704,train-4714,train-4702,train-4748,train-4710,train-446,train-422,train-401,train-423,train-420,train-1921,train-1908
train-3922,train-3909,train-3923,train-820,train-848,train-811,train-228,train-226,train-211,train-200,train-221,train-216,train-210,train-6450,train-6495,train-3584,train-3579,train-6515,train-6505,train-2257,train-2292,train-7069,train-7098,train-7053,train-2160,train-2174,train-2172,train-1049,train-1043,train-1046,train-1006,train-1007,train-1513,train-1522,train-290,train-257,train-4547,train-4515,train-4370,train-4382,train-3546,train-3547,oos_train-87,oos_train-93,train-5467,train-5495,train-2352,train-2364,train-2378,train-2503,train-2505,train-5500,train-5530,train-5525,train-7437,train-7446,train-398,train-363,train-191,train-178,train-194,train-174,train-144,train-127,train-6883,train-6857,train-3754,train-3751,train-3053,train-3073,train-3058,train-2056,train-2095,train-1638,train-1645,train-1641,train-1642,train-1635,train-4182,train-4152,train-4154,train-4199,train-2208,train-2200,train-2204,train-2762,train-2751,train-2755,train-2792,train-2784,train-4404,train-4403,train-5040,train-5030,train-5004,train-5016,train-5042
train-260,train-270,train-281,train-258,train-278,train-259,train-255,train-7183,train-7191,train-7160,train-7172,train-7193,train-7189,train-7159,train-1931,train-1919,train-1903,train-3793,train-3757,train-3685,train-3661,train-3653,train-3694,train-3679,train-1621,train-1627,train-4512,train-4549,train-4720,train-4721,oos_train-53,oos_train-38,train-140,train-131,train-145,train-102,train-149,train-148,train-111,train-116,train-138,train-433,train-403,train-404,train-443,train-1052,train-1059,train-1079,train-1088,train-164,train-196,train-162,train-3400,train-3413,train-4203,train-4232,train-4211,train-4233,train-4448,train-4420,train-4445,train-356,train-388,train-399,train-376,train-373,train-387,train-390,train-5490,train-5476,train-5451,train-1018,train-1011,train-3722,train-3704,train-3730,train-4477,train-4462,train-4463,train-2088,train-2077,train-2078,train-2053,train-2504,train-2514,train-2519,train-2540,train-6458,train-6482,train-6485,train-249,train-231,train-209,train-2397,train-2374,train-2358,train-2384
train-3903,train-3919,train-3941,train-3907,train-5017,train-5006,train-3534,train-3523,train-3503,train-3549,train-600,train-648,train-649,train-606,train-6514,train-6519,train-6504,train-6535,train-2183,train-2192,train-5527,train-5504,train-5523,train-7411,train-7427,train-4842,train-4826,train-4812,train-689,train-690,train-666,train-687,train-672,train-659,train-667,train-658,train-7074,train-7076,train-3084,train-3094,train-3061,train-2284,train-2265,train-2261,train-4391,train-4361,train-4610,train-4607,train-4620,train-4623,train-4605,train-6185,train-6184,train-6168,train-4180,train-4160,train-3586,train-3592,train-3593,train-5730,train-5704,train-7289,train-7273,train-7254,train-1506,train-1541,oos_train-67,oos_train-59,oos_train-83,train-3832,train-3800,train-836,train-815,train-2231,train-2203,train-6873,train-6876,train-2781,train-2780,train-2765,train-2758,train-3668,train-3696,train-3569,train-3566,train-437,train-449,train-5029,train-5023,train-5044,train-169,train-187,train-183,train-179,train-4213,train-4237,oos_train-48,oos_train-0,oos_train-77
train-2221,train-2201,train-2224,train-2530,train-2523,train-2536,train-2502,train-2506,train-1900,train-1914,train-1910,train-1901,train-1643,train-1634,train-1615,train-3911,train-3910,train-3939,train-657,train-661,train-4824,train-4806,train-4827,train-635,train-641,train-603,train-640,train-608,train-7082,train-7087,train-3805,train-3821,train-3841,train-6172,train-6193,train-7252,train-7250,train-6537,train-6548,train-6522,train-6517,train-6532,train-6527,train-5707,train-5714,train-5706,train-5736,train-5720,train-122,train-124,train-136,train-3714,train-3707,train-3701,train-3744,train-3716,train-3734,train-3096,train-3055,train-3099,train-3078,train-3086,train-1023,train-1035,train-1005,train-4524,train-4548,train-4502,train-3783,train-3759,train-3786,train-3774,train-3765,train-3780,train-3764,train-7419,train-7415,train-7434,train-2359,train-2387,oos_train-89,oos_train-65,train-2076,train-2069,train-2062,train-2295,train-2250,train-4167,train-4169,train-4151,train-4189,train-2177,train-2158,train-3509,train-3532,train-3544,train-3521,train-3527
train-1526,train-1536,train-7165,train-7184,train-4641,train-4644,train-4740,train-4734,train-5517,train-5536,train-5538,train-355,train-370,train-6490,train-6494,train-1097,train-1065,train-1082,train-1055,train-1053,train-1067,train-1083,train-219,train-232,train-295,train-273,train-293,train-277,train-6891,train-6886,train-6899,train-4400,train-4449,train-4413,train-4388,train-4381,train-4386,train-5499,train-5486,train-5496,train-5481,train-2756,train-2798,train-2787,train-2754,train-2764,train-4469,train-4487,train-4497,train-840,train-847,train-808,train-807,train-3446,train-3431,oos_train-47,oos_train-46,oos_train-14,train-7426,train-7413,train-5000,train-5045,train-6173,train-6160,train-6196,train-6198,train-4847,train-4832,train-4808,train-4805,train-4822,train-2085,train-2057,train-2074,train-288,train-292,train-298,train-434,train-426,train-1095,train-1080,train-1077,train-7262,train-7274,train-7251,train-5528,train-5549,train-5508,train-5533,train-5516,train-3097,train-3082,train-3054,train-4186,train-4198,train-4159,train-4194,train-4183,train-4163
train-1649,train-1637,train-1622,train-1639,train-1631,train-1026,train-1040,train-6478,train-6468,train-2388,train-2377,train-3433,train-3407,train-3435,train-3439,train-3948,train-3914,train-2532,train-2539,train-2521,train-2513,train-5466,train-5488,train-5477,train-5494,train-3659,train-3654,train-4742,train-4745,train-1517,train-1528,train-1535,train-2773,train-2778,train-2761,oos_train-49,oos_train-90,oos_train-1,train-236,train-212,train-4539,train-4514,train-2264,train-2251,train-2263,train-2271,train-3799,train-3795,train-7186,train-7154,train-7170,train-6896,train-6897,train-6898,train-6878,train-6856,train-3712,train-3746,train-3713,train-3705,train-3737,train-3727,train-4402,train-4409,train-4407,train-4423,train-4642,train-4609,train-4633,train-669,train-676,train-694,train-651,train-5705,train-5745,train-5702,train-120,train-142,train-4246,train-4201,train-4220,train-4231,train-4227,train-3557,train-3595,train-3580,train-3561,train-7071,train-7052,train-6531,train-6528,train-4467,train-4453,train-4450,train-4492,train-2209,train-2244,train-821,train-845
train-361,train-368,train-394,train-367,train-167,train-172,train-617,train-619,train-625,train-1907,train-1913,train-2152,train-2191,train-3814,train-3843,train-3511,train-3530,train-3524,train-3526,train-4387,train-4396,train-107,train-143,train-2360,train-2355,train-2759,train-2793,train-2782,train-4640,train-4625,train-4602,train-7178,train-7156,train-296,train-299,train-250,train-271,train-2081,train-2097,train-409,train-431,train-2237,train-2234,train-2241,train-1613,train-1648,train-1608,train-4813,train-4840,train-620,train-647,train-357,train-382,train-3904,train-3934,train-3924,train-3946,oos_train-44,oos_train-94,train-3709,train-3725,train-828,train-826,train-817,train-841,train-842,train-846,train-806,train-4741,train-4707,train-4716,train-4747,train-3419,train-3432,train-7054,train-7096,train-7090,train-4457,train-4486,train-2293,train-2294,train-2254,train-4166,train-4156,train-6890,train-6894,train-6871,train-681,train-655,train-3770,train-3756,train-3752,train-3772,train-4501,train-4517,train-4530,train-4527
train-2157,train-2194,train-2185,train-4224,train-4222,train-5484,train-5483,train-5464,train-5478,train-5452,train-5493,train-5462,train-7277,train-7297,train-7276,train-7292,train-7256,train-1089,train-1086,train-1092,train-5046,train-5007,train-5028,train-2546,train-2547,train-2516,train-5735,train-5747,train-3680,train-3665,train-190,train-173,train-188,train-6170,train-6175,train-3057,train-3098,train-3076,train-4384,train-4395,train-3575,train-3563,train-3550,train-3585,train-4418,train-4425,train-1045,train-1012,train-1029,train-1034,train-3528,train-3517,train-3502,train-3508,train-1922,train-1933,train-1920,train-3831,train-3816,train-3802,train-3820,train-3826,train-3837,train-239,train-206,train-222,train-214,oos_train-98,oos_train-70,train-7447,train-7439,train-7403,train-7417,train-7405,train-6460,train-6488,train-6451,train-1519,train-1546,train-1531,train-6533,train-6513,train-6520,train-6529,train-6542,train-5526,train-5507,train-5522,train-3421,train-3414,train-6194,train-6192
train-3928,train-3933,train-3908,train-3918,train-3900,train-3935,train-3937,train-3921,train-5506,train-5531,train-5543,train-7270,train-7268,train-7267,train-1001,train-1016,train-1037,train-1042,train-1022,train-1017,train-1041,train-1038,train-1028,train-2248,train-2239,train-2236,train-3675,train-3663,train-3687,train-6523,train-6544,train-6549,train-6545,train-6541,train-4744,train-4736,train-4746,train-4715,train-4703,train-4733,train-389,train-371,train-393,train-384,train-2156,train-2186,train-4817,train-4829,train-4803,train-4815,train-4834,train-7449,train-7441,train-662,train-699,train-109,train-130,train-1549,train-1547,train-1539,train-1544,train-3789,train-3776,train-3761,train-3781,train-3773,train-3798,train-3769,train-3784,train-3777,train-3788,train-6473,train-6492,train-6454,train-6487,train-6462,train-2531,train-2549,train-2501,train-2524,train-1925,train-1911,train-1946,train-7155,train-7171,train-7164,train-4525,train-4513,train-410,train-442,train-438,train-400,oos_train-82,oos_train-10,oos_train-11,oos_train-66,oos_train-21
train-2092,train-2091,train-2094,train-2079,train-2055,train-2052,train-3059,train-3091,train-3089,train-3063,train-4499,train-4464,train-4473,train-4460,train-267,train-294,train-186,train-171,train-5022,train-5047,train-5008,train-5009,train-5020,train-5014,train-5005,train-4438,train-4434,train-2797,train-2799,train-4158,train-4168,train-4176,train-3818,train-3828,train-3836,oos_train-13,oos_train-96,train-5732,train-5739,train-5724,train-5722,train-5742,train-5744,train-1618,train-1611,train-3545,train-3514,train-3506,train-3539,train-4365,train-4366,train-4374,train-4393,train-4392,train-4359,train-1057,train-1093,train-1096,train-7089,train-7051,train-844,train-801,train-809,train-823,train-834,train-2275,train-2276,train-2268,train-5470,train-5455,train-5482,train-2350,train-2389,train-3565,train-3573,train-3715,train-3739,train-3729,train-3733,train-3738,train-3745,train-4221,train-4204,train-624,train-632,train-6895,train-6855,train-6862,train-218,train-208,train-4601,train-4626,train-5491,train-5475,train-402,train-414,train-441
train-6195,train-6155,train-6191,train-4443,train-4410,train-4440,train-3703,train-3706,train-1019,train-1008,train-1024,train-3560,train-3589,train-3581,train-3588,train-3564,train-3551,train-3559,train-3583,train-3571,train-3555,train-7440,train-7412,train-7407,train-7404,train-691,train-682,train-668,train-670,train-2287,train-2274,train-2260,train-2290,train-605,train-626,train-1084,train-1087,train-1099,train-1091,train-1054,train-2357,train-2353,train-2367,train-2375,train-4645,train-4611,train-5532,train-5539,train-5505,train-1508,train-1510,oos_train-8,oos_train-45,oos_train-30,oos_train-74,oos_train-9,oos_train-85,oos_train-64,train-5734,train-5709,train-4526,train-4533,train-4507,train-202,train-230,train-238,train-4452,train-4461,train-7163,train-7168,train-7198,train-7176,train-7187,train-7162,train-7188,train-7177,train-7199,train-261,train-274,train-2214,train-2243,train-2216,train-4210,train-4225,train-4238,train-4223,train-4234,train-4226,train-5027,train-5002,train-4371,train-4355,train-4363,train-4383,train-4398
train-1602,train-1600,train-1619,train-1626,train-1612,train-1617,train-3768,train-3778,train-3782,train-3516,train-3504,train-2171,train-2196,train-372,train-362,train-396,train-359,train-2063,train-2061,train-2783,train-2790,train-7293,train-7261,train-3409,train-3410,train-3445,train-6481,train-6491,train-4155,train-4190,oos_train-41,oos_train-15,oos_train-37,oos_train-69,oos_train-75,train-7063,train-7091,train-6536,train-6526,train-154,train-197,train-185,train-153,train-177,train-2541,train-2520,train-4841,train-4811,train-4848,train-4807,train-4749,train-4717,train-128,train-119,train-141,train-108,train-3657,train-3674,train-3666,train-3905,train-3901,train-3917,train-3916,train-3081,train-3070,train-3066,train-6884,train-6851,train-6866,train-1942,train-1916,train-1938,train-3847,train-3819,train-3806,train-812,train-839,train-835,train-822,train-810,train-7418,train-7443,train-7402,train-7425,train-3536,train-3537,train-3510,train-683,train-697,train-678,train-5480,train-5489,train-5472,train-2534,train-2538,train-2213,train-2235
oos_train-35,oos_train-22,oos_train-71,train-184,train-157,train-4185,train-4177,train-4174,train-4184,train-4175,train-4150,train-4161,train-1013,train-1002,train-4624,train-4643,train-3766,train-3775,train-3791,train-6538,train-6524,train-6509,train-6516,train-6511,train-6512,train-2281,train-2258,train-2750,train-2757,train-5546,train-5537,train-5521,train-4447,train-4439,train-4414,train-4446,train-1098,train-1051,train-1064,train-1075,train-1081,train-2064,train-2065,train-2096,train-1905,train-1923,train-1915,train-1927,train-1930,train-4818,train-4836,train-825,train-832,train-804,train-800,train-818,train-217,train-205,train-227,train-364,train-385,train-353,train-391,train-386,train-634,train-628,train-613,train-621,train-3817,train-3813,train-3838,train-3667,train-3669,train-3695,train-5032,train-5043,train-5034,train-2362,train-2368,train-3572,train-3570,train-4536,train-4500,train-4531,train-6471,train-6499,train-2189,train-2165,train-2184,train-2195,train-2180,train-2187,train-7078,train-7058,train-7064,train-1516,train-1521,train-1525
train-4207,train-4208,train-5743,train-5731,train-5719,train-5716,train-4394,train-4372,train-4354,train-254,train-285,train-262,train-135,train-137,train-7174,train-7173,train-4494,train-4465,train-4482,train-4458,train-4484,train-4700,train-4731,train-3422,train-3402,train-3429,train-3427,train-3447,train-3403,train-1620,train-1636,train-6190,train-6153,train-6179,train-6163,train-412,train-425,train-427,train-435,oos_train-99,oos_train-16,oos_train-63,train-6893,train-6882,train-6874,train-6865,train-6859,train-3092,train-3075,train-3906,train-3947,train-3920,train-7278,train-7257,train-3723,train-3749,train-3721,train-6534,train-6500,train-3692,train-3683,train-3686,train-4416,train-4431,train-4411,train-4427,train-5540,train-5541,train-5513,train-646,train-631,train-623,train-3405,train-3449,train-3507,train-3542,train-3513,train-654,train-660,train-653,train-663,train-3810,train-3824,train-229,train-204,train-6858,train-6881,train-6853,train-6850,train-6879,train-4520,train-4532,train-4519,train-4521,train-4523,train-4545
train-5721,train-5729,train-5701,train-5740,train-5715,train-5033,train-5026,train-3077,train-3068,train-4217,train-4215,train-4243,train-4244,train-4236,train-417,train-408,train-3949,train-3938,train-3940,train-5460,train-5459,train-3702,train-3742,train-4495,train-4459,train-4357,train-4358,train-833,train-838,train-1601,train-1616,train-1640,train-1614,train-1604,train-1629,train-2298,train-2266,train-2269,train-2253,train-2278,train-2282,train-2286,train-2262,train-2285,train-2291,train-2283,train-2267,train-6169,train-6157,train-268,train-284,train-256,train-263,train-276,train-266,train-279,train-297,train-2083,train-2093,train-2058,train-3753,train-3762,train-4195,train-4172,train-4164,train-180,train-193,train-198,train-165,train-4830,train-4833,train-4831,train-4810,train-1512,train-1534,train-1530,train-1503,train-1527,train-2188,train-2179,train-2193,train-2161,train-2169,train-2233,train-2218,train-1076,train-1072,train-1069,train-6455,train-6477,train-6479,train-4627,train-4608,train-4630,train-7094,train-7050,train-7055,train-7097
train-3590,train-3598,train-7185,train-7182,train-4739,train-4722,train-1912,train-1929,train-1935,train-1943,train-2769,train-2791,oos_train-6,oos_train-81,train-2390,train-2393,train-112,train-115,train-7272,train-7286,train-7282,train-7299,train-7259,train-7424,train-7448,train-379,train-365,train-377,train-383,oos_train-55,oos_train-3,oos_train-36,oos_train-50,train-1036,train-1000,train-2510,train-2512,train-2528,train-6174,train-6188,train-6456,train-6452,train-6463,train-6470,train-6459,train-607,train-614,oos_train-5,oos_train-91,oos_train-56,oos_train-61,oos_train-97,train-3912,train-3927,train-3945,train-3925,train-3943,train-287,train-275,train-264,train-4709,train-4713,train-2232,train-2220,train-2222,train-2245,train-2229,train-2215,train-2212,train-4489,train-4481,train-3747,train-3720,train-233,train-215,train-245,train-237,train-176,train-152,oos_train-95,oos_train-72,oos_train-19,oos_train-79,train-6867,train-6864,train-6875,train-6869,train-2288,train-2259,train-3750,train-3785,train-3763,train-3760,train-7288,train-7285,train-7271
train-3067,train-3069,train-3088,train-3071,train-3083,train-3065,train-4636,train-4635,train-4616,train-2197,train-2155,train-2151,train-2190,train-2153,train-2198,train-5019,train-5001,train-5018,train-5038,train-2059,train-2051,train-2082,train-2072,train-5520,train-5515,train-5501,train-5519,train-5547,train-4837,train-4828,train-4804,train-4849,train-1514,train-1543,train-1505,train-1523,train-4356,train-4399,train-3830,train-3848,train-3834,train-3567,train-3599,train-1607,train-1633,train-3519,train-3529,train-3525,train-3520,train-824,train-829,train-4535,train-4537,train-4540,train-4505,train-4518,train-4522,train-4543,train-4544,train-4406,train-4444,train-4239,train-4241,train-7153,train-7197,train-125,train-147,train-104,train-416,train-444,train-698,train-695,train-7075,train-7068,train-7088,train-1063,train-1085,train-4196,train-4193,train-1021,train-1015,train-2395,train-2370,train-2369,train-2385,train-2398,train-7432,train-7445,train-5458,train-5474,train-6510,train-6547,train-6518,train-2752,train-2796,train-2753
train-3404,train-3423,train-3420,train-3430,train-5728,train-5711,train-5723,train-5746,train-5703,train-358,train-369,train-2526,train-2509,train-2542,train-2508,train-2507,train-2522,train-1947,train-1904,train-1932,train-1928,train-1945,train-1906,train-1948,train-3693,train-3677,train-3664,train-3660,train-3678,train-3662,train-3676,train-3684,train-3688,train-3671,train-3681,train-3655,train-3672
